Category,Link
Categories,/categories
Blog,/blog?utm_medium=consumer&utm_source=blog_header&utm_campaign=consumer_cta
Animal Health,/categories/animal_health
Animal Parks & Zoo,/categories/animal_parks_zoo
Cats & Dogs,/categories/cats_dogs
Horses & Riding,/categories/horses_riding
Pet Services,/categories/pet_services
Pet Stores,/categories/pet_stores
Cosmetics & Makeup,/categories/cosmetics_makeup
Hair Care & Styling,/categories/hair_care_styling
Personal Care,/categories/personal_care
Salons & Clinics,/categories/salons_clinics
Tattoos & Piercings,/categories/tattoos_piercings
Wellness & Spa,/categories/wellness_spa
Yoga & Meditation,/categories/yoga_meditation
Administration & Services,/categories/administration_services
Associations & Centers,/categories/associations_centers
HR & Recruiting,/categories/hr_recruiting
Import & Export,/categories/import_export
IT & Communication,/categories/it_communication
Office Space & Supplies,/categories/office_space_supplies
Print & Graphic Design,/categories/print_graphic_design
Research & Development,/categories/research_development
Sales & Marketing,/categories/sales_marketing
Shipping & Logistics,/categories/shipping_logistics
Wholesale,/categories/wholesale
Architects & Engineers,/categories/architects_engineers
Building Materials,/categories/building_materials
Chemicals & Plastic,/categories/chemicals_plastic
Construction Services,/categories/construction_services
Contractors & Consultants,/categories/contractors_consultants
Factory Equipment,/categories/factory_equipment
Garden & Landscaping,/categories/garden_landscaping
Industrial Supplies,/categories/industrial_supplies
Manufacturing,/categories/manufacturing
Production Services,/categories/production_services
Tools & Equipment,/categories/tools_equipment
Colleges & Universities,/categories/colleges_universities
Courses & Classes,/categories/courses_classes
Education Services,/categories/education_services
Language Learning,/categories/language_learning
Music & Theater Classes,/categories/music_theater_classes
School & High School,/categories/school_high_school
Specials Schools,/categories/specials_schools
Vocational Training,/categories/vocational_training
Appliances & Electronics,/categories/appliances_electronics
Audio & Visual,/categories/audio_visual
Computers & Phones,/categories/computers_phones
Internet & Software,/categories/internet_software
Repair & Services,/categories/repair_services
Adult Entertainment,/categories/adult_entertainment
Children's Entertainment,/categories/childrens_entertainment
Clubbing & Nightlife,/categories/clubbing_nightlife
Events & Venues,/categories/events_venues
Gambling,/categories/gambling
Gaming,/categories/gaming
Museums & Exhibits,/categories/museums_exibits
Music & Movies,/categories/music_movies
Theater & Opera,/categories/theater_opera
Wedding & Party,/categories/wedding_party
Agriculture & Produce,/categories/agriculture_produce
Asian Grocery Stores,/categories/asian_grocery_stores
Bakery & Pastry,/categories/bakery_pastry
Beer & Wine,/categories/beer_wine
Beverages & Liquor,/categories/beverages_liquor
Candy & Chocolate,/categories/candy_chocolate
Coffee & Tea,/categories/coffee_tea
Food Production,/categories/food_production
Fruits & Vegetables,/categories/fruits_vegetables
Grocery Stores & Markets,/categories/grocery_stores_markets
Lunch & Catering,/categories/lunch_catering
"Meat, Seafood & Eggs",/categories/meat_seafood_eggs
Smoking & Tobacco,/categories/smoking_tobacco
Clinics,/categories/clinics
Dental Services,/categories/dental_services
Diagnostics & Testing,/categories/diagnostics_testing
Doctors & Surgeons,/categories/doctors_surgeons
Health Equipment,/categories/health_equipment
Hospital & Emergency,/categories/hospital_emergency
Medical Specialists,/categories/medical_specialists
Mental Health,/categories/mental_health
Pharmacy & Medicine,/categories/pharmacy_medicine
Physical Aids,/categories/physical_aids
Pregnancy & Children,/categories/pregnancy_children
Therapy & Senior Health,/categories/therapy_senior_health
Vision & Hearing,/categories/vision_hearing
Art & Handicraft,/categories/art_handicraft
Astrology & Numerology,/categories/astrology_numerology
Fishing & Hunting,/categories/fishing_hunting
Hobbies,/categories/hobbies
"Metal, Stone & Glass Work",/categories/metal_stone_glass_work
Music & Instruments,/categories/music_instruments
Needlework & Knitting,/categories/needlework_knitting
Outdoor Activities,/categories/outdoor_activities
Painting & Paper,/categories/painting_paper
Bathroom & Kitchen,/categories/bathroom_kitchen
Cultural Goods,/categories/cultural_goods
Decoration & Interior,/categories/decoration_interior
Energy & Heating,/categories/energy_heating
Fabric & Stationery,/categories/fabric_stationary
Furniture Stores,/categories/furniture_stores
Garden & Pond,/categories/garden_pond
Home & Garden Services,/categories/home_garden_services
Home Goods Stores,/categories/home_goods_stores
Home Improvements,/categories/home_improvements
Cleaning Service Providers,/categories/cleaning_service_providers
Craftsman,/categories/craftsman
House Services,/categories/house_services
House Sitting & Security,/categories/house_sitting_security
Moving & Storage,/categories/moving_storage
Plumbing & Sanitation,/categories/plumbing_sanitation
Repair Service Providers,/categories/repair_service_providers
Customs & Toll,/categories/customs_toll
Government Department,/categories/government_department
Law Enforcement,/categories/law_enforcement
Lawyers & Attorneys,/categories/lawyers_attorneys
Legal Service Providers,/categories/legal_service_providers
Libraries & Archives,/categories/libraries_archives
Municipal Department,/categories/municipal_department
Registration Services,/categories/registration_services
Books & Magazines,/categories/books_magazines
Media & Information,/categories/media_information
Photography,/categories/photography
Video & Sound,/categories/video_sound
Accounting & Tax,/categories/accounting_tax
Banking & Money,/categories/banking_money
Credit & Debt Services,/categories/credit_debt_services
Insurance,/categories/insurance
Investments & Wealth,/categories/investments_wealth
Real Estate,/categories/real_estate
Employment & Career,/categories/employment_career
Funeral & Memorial,/categories/funeral_memorial
Housing Associations,/categories/housing_associations
Kids & Family,/categories/kids_family
Military & Veteran,/categories/military_veteran
Nature & Environment,/categories/nature_environment
Professional Organizations,/categories/professional_organizations
Public Services & Welfare,/categories/public_services_welfare
Religious Institutions,/categories/religious_institutions
Shelters & Homes,/categories/shelters_homes
Waste Management,/categories/waste_management
African & Pacific Cuisine,/categories/african_pacific_cuisine
Bars & Cafes,/categories/bars_cafes
Chinese & Korean Cuisine,/categories/chinese_korean_cuisine
European Cuisine,/categories/european_cuisine
General Restaurants,/categories/general_restaurants
Japanese Cuisine,/categories/japanese_cuisine
Mediterranean Cuisine,/categories/mediterranean_cuisine
Middle Eastern Cuisine,/categories/middle_eastern_cuisine
North & South American Cuisine,/categories/north_south_american_cuisine
Southeast Asian Cuisine,/categories/southeast_asian_cuisine
Takeaway,/categories/takeaway
Vegetarian & Diet,/categories/vegetarian_diet
Accessories,/categories/accessories
Clothing & Underwear,/categories/clothing_underwear
Clothing Rental & Repair,/categories/clothing_rental_repair
Costume & Wedding,/categories/costume_wedding
Jewelry & Watches,/categories/jewelry_watches
Malls & Marketplaces,/categories/malls_marketplaces
Ball Games,/categories/ball_games
Bat-and-ball Games,/categories/bat-and-ball_games
Bowls & Lawn Sports,/categories/bowls_lawn_sports
Dancing & Gymnastics,/categories/dancing_gymnastics
Equipment & Associations,/categories/equipment_associations
Extreme Sports,/categories/extreme_sports
Fitness & Weight Lifting,/categories/fitness_weight_lifting
Golf & Ultimate,/categories/golf_ultimate
Hockey & Ice Skating,/categories/hockey_ice_skating
Martial arts & Wrestling,/categories/martial_arts_wrestling
Outdoor & Winter Sports,/categories/outdoor_winter_sports
Shooting & Target Sports,/categories/shooting_target_sports
Swimming & Water Sports,/categories/swimming_water_sports
Tennis & Racquet Sports,/categories/tennis_racquet_sports
Accommodation & Lodging,/categories/accomodations_lodging
Activities & Tours,/categories/activities_tours
Airlines & Air Travel,/categories/airlines_air_travel
Hotels,/categories/hotels
Travel Agencies,/categories/travel_agencies
Energy & Power,/categories/energy_power
Oil & Fuel,/categories/oil_fuel
Water Utilities,/categories/water_utilities
Air & Water Transport,/categories/air_water_transport
Airports & Parking,/categories/airports_parking
Auto Parts & Wheels,/categories/auto_parts_wheels
Bicycles,/categories/bicycles
Cars & Trucks,/categories/cars_trucks
Motorcycle & Powersports,/categories/motorcycle_powersports
Other Vehicles & Trailers,/categories/other_vehicles_trailers
Taxis & Public Transport,/categories/taxis_public_transport
Vehicle Rental,/categories/vehical_rental
Vehicle Repair & Fuel,/categories/vehicle_repair_fuel
are you human?,/end-of-the-line
About us,https://www.trustpilot.com/about
Jobs,https://business.trustpilot.com/jobs
Contact,https://www.trustpilot.com/contact
Blog,https://www.trustpilot.com/blog
How Trustpilot works,https://www.trustpilot.com/trust/how-reviews-work
Transparency Report,https://www.trustpilot.com/trust/transparency?utm_source=footer_link&utm_medium=consumer&utm_campaign=transparencyreport
Press,https://press.trustpilot.com
Investor Relations,https://investors.trustpilot.com
,https://opentrustpilot.page.link/VXX6
Trust in reviews,https://www.trustpilot.com/trust
Help Center,https://support.trustpilot.com
Log in,https://www.trustpilot.com/users/connect
Sign up,https://www.trustpilot.com/users/connect?signup=True
Trustpilot Business,https://business.trustpilot.com?utm_medium=consumer&utm_source=footer_link_trustpilot_business_site&utm_campaign=consumer_cta
Products,https://business.trustpilot.com/features?utm_medium=consumer&utm_source=footer_link_trustpilot_business_site_product_tour&utm_campaign=consumer_cta
Plans & Pricing,https://business.trustpilot.com/pricing?utm_medium=consumer&utm_source=footer_link_trustpilot_business_site_plans&utm_campaign=consumer_cta
Business Login,https://businessapp.b2b.trustpilot.com/?locale=en-us&utm_medium=consumer&utm_source=footer_link_trustpilot_business_app_login&utm_campaign=consumer_cta
Blog for Business,https://business.trustpilot.com/reviews
Legal,https://legal.trustpilot.com
Privacy Policy,https://legal.trustpilot.com/end-user-privacy-terms
Terms & Conditions,https://legal.trustpilot.com/for-reviewers/end-user-terms-and-conditions
Guidelines for Reviewers,https://legal.trustpilot.com/for-reviewers/guidelines-for-reviewers
System status,https://status.trustpilot.com/
Modern Slavery Statement,https://legal.trustpilot.com/for-everyone/modern-slavery-and-human-trafficking-statement
